{
    "image-77089611-78785961-69826278-95000740-26294623.dcm": {
        "Atelectasis": 0.14039023220539093,
        "Consolidation": 0.09720922261476517,
        "Infiltration": 0.08673122525215149,
        "Pneumothorax": 0.2926817536354065,
        "Edema": 0.0100492462515831,
        "Emphysema": 0.01690962351858616,
        "Fibrosis": 0.004595241975039244,
        "Effusion": 0.025685401633381844,
        "Pneumonia": 0.3528873324394226,
        "Pleural_Thickening": 0.021971652284264565,
        "Cardiomegaly": 0.006964836735278368,
        "Nodule": 0.12978129088878632,
        "Mass": 0.04481406882405281,
        "Hernia": 0.004847038071602583,
        "Lung Lesion": 0.0032790289260447025,
        "Fracture": 0.2921867072582245,
        "Lung Opacity": 0.08727067708969116,
        "Enlarged Cardiomediastinum": 0.02331019937992096
    },
    "image-23691574-78007127-67077450-08256882-87395367.dcm": {
        "Atelectasis": 0.5137088894844055,
        "Consolidation": 0.5308692455291748,
        "Infiltration": 0.5128545761108398,
        "Pneumothorax": 0.5000287890434265,
        "Edema": 0.5156525373458862,
        "Emphysema": 0.5018355846405029,
        "Fibrosis": 0.5000342130661011,
        "Effusion": 0.5593950748443604,
        "Pneumonia": 0.7789067625999451,
        "Pleural_Thickening": 0.1653069704771042,
        "Cardiomegaly": 0.48554727435112,
        "Nodule": 0.5178543329238892,
        "Mass": 0.5333964824676514,
        "Hernia": 0.0406210795044899,
        "Lung Lesion": 0.004913030192255974,
        "Fracture": 0.49232813715934753,
        "Lung Opacity": 0.7337732315063477,
        "Enlarged Cardiomediastinum": 0.5090115070343018
    },
    "image-49456968-50961677-93916823-30114741-97249659.dcm": {
        "Atelectasis": 0.11167116463184357,
        "Consolidation": 0.051305025815963745,
        "Infiltration": 0.19033215939998627,
        "Pneumothorax": 0.09603356570005417,
        "Edema": 0.028935367241501808,
        "Emphysema": 0.4218839406967163,
        "Fibrosis": 0.1007598266005516,
        "Effusion": 0.01742832362651825,
        "Pneumonia": 0.4704207181930542,
        "Pleural_Thickening": 0.20537346601486206,
        "Cardiomegaly": 0.1846451461315155,
        "Nodule": 0.2357708066701889,
        "Mass": 0.013181156478822231,
        "Hernia": 0.0027804269921034575,
        "Lung Lesion": 0.00656311446800828,
        "Fracture": 0.2010696828365326,
        "Lung Opacity": 0.13025283813476562,
        "Enlarged Cardiomediastinum": 0.12887787818908691
    },
    "image-75545339-55870039-51885816-92064157-98378507.dcm": {
        "Atelectasis": 0.15664327144622803,
        "Consolidation": 0.02441648207604885,
        "Infiltration": 0.06404230743646622,
        "Pneumothorax": 0.049431219696998596,
        "Edema": 0.0010974108008667827,
        "Emphysema": 0.09030146151781082,
        "Fibrosis": 0.01914677582681179,
        "Effusion": 0.010907179675996304,
        "Pneumonia": 0.1421269029378891,
        "Pleural_Thickening": 0.16625025868415833,
        "Cardiomegaly": 0.003801841288805008,
        "Nodule": 0.172566220164299,
        "Mass": 0.008319023996591568,
        "Hernia": 0.005124954041093588,
        "Lung Lesion": 0.0028442414477467537,
        "Fracture": 0.27125826478004456,
        "Lung Opacity": 0.02820671908557415,
        "Enlarged Cardiomediastinum": 0.030780646950006485
    },
    "image-15908848-77237609-03232560-96641664-72033662.dcm": {
        "Atelectasis": 0.2349008172750473,
        "Consolidation": 0.5166771411895752,
        "Infiltration": 0.23993326723575592,
        "Pneumothorax": 0.47495853900909424,
        "Edema": 0.5096999406814575,
        "Emphysema": 0.5024830102920532,
        "Fibrosis": 0.10036048293113708,
        "Effusion": 0.2062818855047226,
        "Pneumonia": 0.7652229070663452,
        "Pleural_Thickening": 0.07712168991565704,
        "Cardiomegaly": 0.23133406043052673,
        "Nodule": 0.5092427730560303,
        "Mass": 0.5039176940917969,
        "Hernia": 0.008226791396737099,
        "Lung Lesion": 0.009880751371383667,
        "Fracture": 0.5034199357032776,
        "Lung Opacity": 0.6575924158096313,
        "Enlarged Cardiomediastinum": 0.5240819454193115
    },
    "image-09599604-82254875-28128815-63496762-37337175.dcm": {
        "Atelectasis": 0.5436605215072632,
        "Consolidation": 0.5284477472305298,
        "Infiltration": 0.22990208864212036,
        "Pneumothorax": 0.505652666091919,
        "Edema": 0.554628312587738,
        "Emphysema": 0.5024769306182861,
        "Fibrosis": 0.0872548520565033,
        "Effusion": 0.5173083543777466,
        "Pneumonia": 0.5458440780639648,
        "Pleural_Thickening": 0.11228927969932556,
        "Cardiomegaly": 0.5523677468299866,
        "Nodule": 0.5067828893661499,
        "Mass": 0.5079164505004883,
        "Hernia": 0.04365132749080658,
        "Lung Lesion": 0.33854955434799194,
        "Fracture": 0.5788686275482178,
        "Lung Opacity": 0.48976320028305054,
        "Enlarged Cardiomediastinum": 0.5720399618148804
    },
    "image-15261899-16336799-16570287-29657437-32481398.dcm": {
        "Atelectasis": 0.381134957075119,
        "Consolidation": 0.07340391725301743,
        "Infiltration": 0.13966214656829834,
        "Pneumothorax": 0.46730610728263855,
        "Edema": 0.15862156450748444,
        "Emphysema": 0.08932389318943024,
        "Fibrosis": 0.10829196870326996,
        "Effusion": 0.06840107589960098,
        "Pneumonia": 0.20114180445671082,
        "Pleural_Thickening": 0.09310217946767807,
        "Cardiomegaly": 0.20084090530872345,
        "Nodule": 0.5018922090530396,
        "Mass": 0.10098988562822342,
        "Hernia": 0.0017831659642979503,
        "Lung Lesion": 0.505795955657959,
        "Fracture": 0.5266662836074829,
        "Lung Opacity": 0.19516083598136902,
        "Enlarged Cardiomediastinum": 0.5160307884216309
    },
    "image-43591434-24105909-95501830-31186664-56232345.dcm": {
        "Atelectasis": 0.3361062705516815,
        "Consolidation": 0.515627920627594,
        "Infiltration": 0.5556545257568359,
        "Pneumothorax": 0.47671225666999817,
        "Edema": 0.5294430255889893,
        "Emphysema": 0.5152992010116577,
        "Fibrosis": 0.41333404183387756,
        "Effusion": 0.32068076729774475,
        "Pneumonia": 0.8502172231674194,
        "Pleural_Thickening": 0.24621537327766418,
        "Cardiomegaly": 0.264344722032547,
        "Nodule": 0.5135790109634399,
        "Mass": 0.5019041895866394,
        "Hernia": 0.015362278558313847,
        "Lung Lesion": 0.10742928832769394,
        "Fracture": 0.29460424184799194,
        "Lung Opacity": 0.8501907587051392,
        "Enlarged Cardiomediastinum": 0.5539003610610962
    },
    "image-37893342-90788293-97674894-30563722-15937211.dcm": {
        "Atelectasis": 0.06717296689748764,
        "Consolidation": 0.03814253583550453,
        "Infiltration": 0.15650416910648346,
        "Pneumothorax": 0.07172365486621857,
        "Edema": 0.005267478991299868,
        "Emphysema": 0.3770178556442261,
        "Fibrosis": 0.02621283568441868,
        "Effusion": 0.013629762455821037,
        "Pneumonia": 0.320774644613266,
        "Pleural_Thickening": 0.20393489301204681,
        "Cardiomegaly": 0.04088599979877472,
        "Nodule": 0.33502066135406494,
        "Mass": 0.011681940406560898,
        "Hernia": 0.0007519147475250065,
        "Lung Lesion": 0.03105183318257332,
        "Fracture": 0.40408483147621155,
        "Lung Opacity": 0.10608770698308945,
        "Enlarged Cardiomediastinum": 0.1318029910326004
    }
}